method,status,run_sec,output_kind,emb_shape,n_tunable,ARI,NMI,ASW,iASW,iF1,cLISI
Conos,CHAIN_OK,712.5,embedding,"[11014, 2]",0,0.0004,0.0226,0.4301,,,
Portal,CHAIN_OK,400.4,embedding,"[11014, 20]",0,0.4798,0.6144,0.5186,,,
SCALEX,CHAIN_OK,2232.3,embedding,"[11014, 10]",0,0.5744,0.5859,0.532,,,
VIPCCA,CHAIN_OK,334.8,embedding,"[11014, 16]",0,0.1518,0.3756,0.4785,,,
iNMF,CHAIN_OK,120.2,embedding,"[11014, 20]",0,0.4721,0.5136,0.4946,,,
online_iNMF,CHAIN_OK,80.7,embedding,"[11014, 20]",0,0.3749,0.469,0.4666,,,
scJoint,CHAIN_OK,208.9,embedding,"[11014, 64]",21,0.6178,0.6377,0.5349,,,
sciCAN,CHAIN_OK,15735.0,embedding,"[11014, 25]",0,0.1877,0.3688,0.5133,,,
uniPort,CHAIN_OK,4133.0,embedding,"[11014, 16]",1,0.5994,0.6198,0.532,,,
